                  epoch,         train/box_loss,         train/cls_loss,         train/dfl_loss,   metrics/precision(B),      metrics/recall(B),       metrics/mAP50(B),    metrics/mAP50-95(B),           val/box_loss,           val/cls_loss,           val/dfl_loss,                 lr/pg0,                 lr/pg1,                 lr/pg2
                      1,                  2.207,                 2.7483,                 2.0494,                0.28621,                 0.2129,                0.15632,                0.04955,                 2.3704,                 2.8233,                 2.1961,                0.00026,                0.00026,                0.00026
                      2,                 2.1015,                 2.4137,                 1.9394,                0.21617,                0.23548,                0.11149,                0.03436,                 2.3973,                 4.3571,                 2.3766,             0.00043308,             0.00043308,             0.00043308
                      3,                 1.9752,                 2.3396,                 1.8941,                0.05708,                0.45806,                0.04224,                0.01475,                 2.2431,                 8.7414,                 2.2101,             0.00049528,             0.00049528,             0.00049528
                      4,                  1.956,                 2.0879,                  1.833,                0.06251,                0.44839,                0.04691,                0.01753,                 2.1923,                 8.8291,                 2.1611,              0.0004466,              0.0004466,              0.0004466
                      5,                 1.9635,                 1.9787,                 1.8945,                0.42982,                0.37448,                0.36243,                0.14665,                 2.0608,                 2.7321,                 2.1402,             0.00028704,             0.00028704,             0.00028704
